{
  "paper": "2406.02075",
  "G": 5,
  "k": 3,
  "in_features": 4,
  "basis_count": 8,
  "out_features": 8,
  "r": 39.0625,
  "seed": 0,
  "dtype": "float32",
  "S": [
    [
      -0.6000000238418579,
      -0.4000000059604645,
      -0.20000000298023224,
      0.0,
      0.20000000298023224,
      0.4000000059604645,
      0.6000000238418579,
      0.800000011920929
    ],
    [
      -0.6000000238418579,
      -0.4000000059604645,
      -0.20000000298023224,
      0.0,
      0.20000000298023224,
      0.4000000059604645,
      0.6000000238418579,
      0.800000011920929
    ],
    [
      -0.6000000238418579,
      -0.4000000059604645,
      -0.20000000298023224,
      0.0,
      0.20000000298023224,
      0.4000000059604645,
      0.6000000238418579,
      0.800000011920929
    ],
    [
      -0.6000000238418579,
      -0.4000000059604645,
      -0.20000000298023224,
      0.0,
      0.20000000298023224,
      0.4000000059604645,
      0.6000000238418579,
      0.800000011920929
    ]
  ],
  "E": [
    [
      0.20000000298023224,
      0.4000000059604645,
      0.6000000238418579,
      0.800000011920929,
      1.0,
      1.2000000476837158,
      1.399999976158142,
      1.600000023841858
    ],
    [
      0.20000000298023224,
      0.4000000059604645,
      0.6000000238418579,
      0.800000011920929,
      1.0,
      1.2000000476837158,
      1.399999976158142,
      1.600000023841858
    ],
    [
      0.20000000298023224,
      0.4000000059604645,
      0.6000000238418579,
      0.800000011920929,
      1.0,
      1.2000000476837158,
      1.399999976158142,
      1.600000023841858
    ],
    [
      0.20000000298023224,
      0.4000000059604645,
      0.6000000238418579,
      0.800000011920929,
      1.0,
      1.2000000476837158,
      1.399999976158142,
      1.600000023841858
    ]
  ],
  "W": [
    [
      [
        0.8506242036819458,
        0.6369616389274597,
        0.5111364722251892,
        0.26978665590286255,
        0.3078293800354004,
        0.0409734845161438,
        0.0752401351928711,
        0.01652759313583374
      ],
      [
        0.1752672791481018,
        0.8132702112197876,
        0.6494157314300537,
        0.91275554895401,
        0.5036269426345825,
        0.6066357493400574,
        0.9707428216934204,
        0.7294965386390686
      ],
      [
        0.6322707533836365,
        0.5436249375343323,
        0.5599173903465271,
        0.9350724220275879,
        0.27734702825546265,
        0.8158535361289978,
        0.6708765029907227,
        0.002738475799560547
      ],
      [
        0.39414912462234497,
        0.8574042320251465,
        0.554314911365509,
        0.033585548400878906,
        0.7648898959159851,
        0.7296554446220398,
        0.8465752005577087,
        0.17565560340881348
      ]
    ],
    [
      [
        0.08928674459457397,
        0.8631789088249207,
        0.022101938724517822,
        0.541461169719696,
        0.08039963245391846,
        0.2997118830680847,
        0.48106133937835693,
        0.4226871728897095
      ],
      [
        0.4032384753227234,
        0.02831965684890747,
        0.005352616310119629,
        0.12428325414657593,
        0.008284270763397217,
        0.6706243753433228,
        0.5256177186965942,
        0.6471894979476929
      ],
      [
        0.2572997808456421,
        0.6153850555419922,
        0.7640548944473267,
        0.38367754220962524,
        0.46092158555984497,
        0.997209906578064,
        0.8049891591072083,
        0.9808353185653687
      ],
      [
        0.3795233368873596,
        0.6855419278144836,
        0.950100302696228,
        0.6504592299461365,
        0.8403113484382629,
        0.6884467005729675,
        0.7040010094642639,
        0.3889213800430298
      ]
    ],
    [
      [
        0.8751561045646667,
        0.1350964903831482,
        0.5789034366607666,
        0.7214882969856262,
        0.8454805612564087,
        0.525354266166687,
        0.37541663646698,
        0.31024181842803955
      ],
      [
        0.4229591488838196,
        0.48583531379699707,
        0.7188217043876648,
        0.8894878029823303,
        0.07294690608978271,
        0.9340434670448303,
        0.5313434600830078,
        0.35779517889022827
      ],
      [
        0.6727393269538879,
        0.5715298056602478,
        0.25460612773895264,
        0.3218693733215332,
        0.7195104360580444,
        0.5942999720573425,
        0.5044186115264893,
        0.3379111886024475
      ],
      [
        0.7606593370437622,
        0.3916189670562744,
        0.3281751275062561,
        0.8902743458747864,
        0.2639271020889282,
        0.2271575927734375,
        0.7141724824905396,
        0.6231871247291565
      ]
    ],
    [
      [
        0.048546433448791504,
        0.08401530981063843,
        0.3771388530731201,
        0.8326441049575806,
        0.40084731578826904,
        0.7870982885360718,
        0.31646615266799927,
        0.23936939239501953
      ],
      [
        0.791688859462738,
        0.876484215259552,
        0.0792996883392334,
        0.05856800079345703,
        0.6712632775306702,
        0.3361170291900635,
        0.5736486911773682,
        0.1502794623374939
      ],
      [
        0.8600409030914307,
        0.45033931732177734,
        0.8949934244155884,
        0.7963242530822754,
        0.7053425908088684,
        0.2306421995162964,
        0.7670095562934875,
        0.05202126502990723
      ],
      [
        0.5700945258140564,
        0.40455180406570435,
        0.9966443181037903,
        0.19851303100585938,
        0.9465247392654419,
        0.09075301885604858,
        0.6231724619865417,
        0.580332338809967
      ]
    ],
    [
      [
        0.8989449739456177,
        0.2986961007118225,
        0.9020748734474182,
        0.6719948649406433,
        0.8903967142105103,
        0.19951540231704712,
        0.758242130279541,
        0.9421131014823914
      ],
      [
        0.048596739768981934,
        0.3651101589202881,
        0.636512815952301,
        0.10549527406692505,
        0.5100634098052979,
        0.6291081309318542,
        0.7639874219894409,
        0.927154541015625
      ],
      [
        0.4098246097564697,
        0.4403771162033081,
        0.4742111563682556,
        0.9545904397964478,
        0.19575321674346924,
        0.4998958110809326,
        0.049832701683044434,
        0.4252285957336426
      ],
      [
        0.9453133344650269,
        0.6202134490013123,
        0.34961026906967163,
        0.9950965046882629,
        0.6037570834159851,
        0.9489436745643616,
        0.016331911087036133,
        0.46004509925842285
      ]
    ],
    [
      [
        0.8349548578262329,
        0.7577288150787354,
        0.4074903726577759,
        0.4974226951599121,
        0.4202418327331543,
        0.5293121337890625,
        0.23024743795394897,
        0.7857856750488281
      ],
      [
        0.0777091383934021,
        0.41465580463409424,
        0.281860888004303,
        0.734483540058136,
        0.749294102191925,
        0.7111428380012512,
        0.9244686365127563,
        0.932059645652771
      ],
      [
        0.18464899063110352,
        0.1149325966835022,
        0.13236021995544434,
        0.7290151119232178,
        0.9703232645988464,
        0.927423894405365,
        0.668241024017334,
        0.9679261445999146
      ],
      [
        0.8712635636329651,
        0.014706254005432129,
        0.11923682689666748,
        0.8636400699615479,
        0.08235865831375122,
        0.9811950325965881,
        0.8273748755455017,
        0.957210123538971
      ]
    ],
    [
      [
        0.3603224754333496,
        0.14876395463943481,
        0.5168646574020386,
        0.9726287722587585,
        0.3672221899032593,
        0.8899355530738831,
        0.3838319182395935,
        0.8223738074302673
      ],
      [
        0.2295793890953064,
